{
  "simulation_summary": {
    "total_time_steps": 24,
    "total_interventions": 3,
    "intervention_types": {
      "anxiety_management": 3,
      "calm_restoration": 1
    }
  },
  "history_data": {
    "time": [
      0,
      1,
      2,
      3,
      4,
      5,
      6,
      7,
      8,
      9,
      10,
      11,
      12,
      13,
      14,
      15,
      16,
      17,
      18,
      19,
      20,
      21,
      22,
      23
    ],
    "anxiety": [
      0.64,
      1.3232,
      2.048736,
      2.81576128,
      2.59576128,
      2.0161612800000004,
      2.08415328,
      2.2067854400000004,
      2.382964956800001,
      2.6116208832640013,
      2.351703691198721,
      2.1029848429747466,
      1.8652403717152515,
      1.6382507898809462,
      1.4218009996833274,
      1.215680205289661,
      1.0609761437027627,
      0.952683300591934,
      1.5339448601800951,
      2.1835811885764933,
      2.9002247904049634,
      2.715874232206707,
      2.775874232206707,
      2.914674232206707
    ],
    "calm": [
      0.784,
      0.57232,
      0.3648736,
      0.161576128,
      2.098,
      3.8600399999999997,
      3.5868391999999996,
      3.3191024159999993,
      3.056720367679999,
      2.7995859603263993,
      2.7435942411198715,
      2.688722356297474,
      2.6349479091715247,
      2.5822489509880944,
      2.5306039719683326,
      2.479991892528966,
      2.434521486370276,
      2.3936922020591935,
      2.05181835801801,
      1.7167819908576496,
      1.3884463510404965,
      5.0,
      4.606,
      4.21988
    ],
    "energy": [
      10.0,
      10.0,
      10.0,
      10.0,
      10.0,
      10.0,
      10.0,
      10.0,
      10.0,
      10.0,
      9.4,
      8.8,
      8.200000000000001,
      7.600000000000001,
      7.000000000000002,
      6.400000000000002,
      5.8000000000000025,
      5.200000000000003,
      4.8000000000000025,
      4.400000000000002,
      4.000000000000002,
      3.600000000000002,
      3.200000000000002,
      2.800000000000002
    ],
    "phase": [
      "interactive",
      "interactive",
      "interactive",
      "interactive",
      "interactive",
      "interactive",
      "active",
      "active",
      "active",
      "active",
      "active",
      "active",
      "active",
      "interactive",
      "interactive",
      "interactive",
      "interactive",
      "interactive",
      "interactive",
      "interactive",
      "interactive",
      "sleep",
      "sleep",
      "sleep"
    ],
    "interventions_applied": [
      [],
      [],
      [],
      [],
      [
        "anxiety_management: +1.00 calm"
      ],
      [
        "anxiety_management: +1.00 calm"
      ],
      [],
      [],
      [],
      [],
      [],
      [],
      [],
      [],
      [],
      [],
      [],
      [],
      [],
      [],
      [],
      [
        "anxiety_management: +0.93 calm",
        "calm_restoration: +0.00 calm"
      ],
      [],
      []
    ]
  },
  "intervention_log": [
    {
      "time": 4,
      "scenario": "Escalating Anxiety Crisis",
      "interventions": [
        "anxiety_management: +1.00 calm"
      ],
      "analysis": {
        "interventions_needed": [
          "anxiety_management"
        ],
        "urgency_level": "low",
        "combined_risk": false,
        "anxiety_trend": {
          "trend": "increasing",
          "slope": 0.7040258559999999,
          "recent_avg": 2.165539456,
          "volatility": 0.9962729539819255,
          "values_count": 5,
          "recent_values": [
            0.8,
            1.44,
            2.1231999999999998,
            2.8487359999999997,
            3.61576128
          ]
        },
        "calm_trend": {
          "trend": "decreasing",
          "slope": -0.18191264000000013,
          "recent_avg": 0.40423872000000005,
          "volatility": 0.26069782225433646,
          "values_count": 5,
          "recent_values": [
            0.8,
            0.5840000000000001,
            0.37232000000000004,
            0.1648736,
            0.1
          ]
        },
        "energy_trend": {
          "trend": "stable",
          "slope": -1.2981041880957112e-15,
          "recent_avg": 10.0,
          "volatility": 0.0,
          "values_count": 5,
          "recent_values": [
            10.0,
            10.0,
            10.0,
            10.0,
            10.0
          ]
        },
        "timestamp": 4
      },
      "before_state": {
        "anxiety": 3.61576128,
        "calm": 0.1,
        "energy": 10.0
      },
      "after_state": {
        "anxiety": 2.59576128,
        "calm": 2.098,
        "energy": 10.0,
        "phase": "interactive"
      }
    },
    {
      "time": 5,
      "scenario": "Escalating Anxiety Crisis",
      "interventions": [
        "anxiety_management: +1.00 calm"
      ],
      "analysis": {
        "interventions_needed": [
          "anxiety_management"
        ],
        "urgency_level": "low",
        "combined_risk": false,
        "anxiety_trend": {
          "trend": "increasing",
          "slope": 0.5404083840000001,
          "recent_avg": 2.684691712,
          "volatility": 0.8079543798981503,
          "values_count": 6,
          "recent_values": [
            1.44,
            2.1231999999999998,
            2.8487359999999997,
            3.61576128,
            3.3957612800000003
          ]
        },
        "calm_trend": {
          "trend": "increasing",
          "slope": 0.23556799999999994,
          "recent_avg": 0.62383872,
          "volatility": 0.6593014096027352,
          "values_count": 6,
          "recent_values": [
            0.5840000000000001,
            0.37232000000000004,
            0.1648736,
            0.1,
            1.898
          ]
        },
        "energy_trend": {
          "trend": "stable",
          "slope": -1.2981041880957112e-15,
          "recent_avg": 10.0,
          "volatility": 0.0,
          "values_count": 6,
          "recent_values": [
            10.0,
            10.0,
            10.0,
            10.0,
            10.0
          ]
        },
        "timestamp": 5
      },
      "before_state": {
        "anxiety": 3.3957612800000003,
        "calm": 1.898,
        "energy": 10.0
      },
      "after_state": {
        "anxiety": 2.0161612800000004,
        "calm": 3.8600399999999997,
        "energy": 10.0,
        "phase": "interactive"
      }
    },
    {
      "time": 21,
      "scenario": "Combined Crisis State",
      "interventions": [
        "anxiety_management: +0.93 calm",
        "calm_restoration: +0.00 calm"
      ],
      "analysis": {
        "interventions_needed": [
          "anxiety_management",
          "calm_restoration"
        ],
        "urgency_level": "low",
        "combined_risk": false,
        "anxiety_trend": {
          "trend": "increasing",
          "slope": 0.6309395181388961,
          "recent_avg": 2.5862820566912497,
          "volatility": 0.8931710817871041,
          "values_count": 20,
          "recent_values": [
            1.3609761437027628,
            1.952683300591934,
            2.533944860180095,
            3.1835811885764933,
            3.9002247904049634
          ]
        },
        "calm_trend": {
          "trend": "decreasing",
          "slope": -0.33690604818611053,
          "recent_avg": 1.7570520776691254,
          "volatility": 0.47647373790292374,
          "values_count": 20,
          "recent_values": [
            2.434521486370276,
            2.0936922020591937,
            1.7518183580180098,
            1.4167819908576496,
            1.0884463510404965
          ]
        },
        "energy_trend": {
          "trend": "decreasing",
          "slope": -0.4000000000000008,
          "recent_avg": 4.400000000000002,
          "volatility": 0.5656854249492383,
          "values_count": 20,