{
  "simulation_data": {
    "time": [
      0,
      1,
      2,
      3,
      4,
      5,
      6,
      7,
      8,
      9,
      10,
      11,
      12,
      13,
      14,
      15,
      16,
      17,
      18,
      19,
      20,
      21,
      22,
      23,
      24,
      25,
      26,
      27,
      28,
      29,
      30,
      31,
      32,
      33,
      34,
      35,
      36,
      37,
      38,
      39,
      40,
      41,
      42,
      43,
      44
    ],
    "anxiety": [
      0.0,
      0.0,
      0.0,
      0.0,
      0.0,
      0.0,
      0.0,
      0.0,
      0.0,
      0.0,
      0.21,
      0.357,
      0.46186000000000005,
      0.5706228,
      0.683210344,
      0.7995461371199999,
      0.9195552143775999,
      1.0431641100900477,
      1.1703008278882467,
      1.300894811330482,
      1.4348769151038723,
      1.5721793768017949,
      1.712735789265759,
      1.856481073480444,
      2.003351452010835,
      1.8532844229706182,
      1.7062187345112059,
      1.5620943598209818,
      1.4208524726245622,
      1.282435423172071,
      1.1467867147086295,
      1.0138509804144569,
      0.8835739608061677,
      0.7559024815900444,
      0.6307844319582435,
      0.5081687433190787,
      0.3880053684526971,
      0.27160375791688796,
      0.19012263054182157,
      0.1330858413792751,
      0.09316008896549258,
      0.0652120622758448,
      0.045648443593091365,
      0.031953910515163955,
      0.02236773736061477
    ],
    "calm": [
      1.0,
      1.0,
      1.0,
      1.0,
      1.0,
      1.0,
      1.0,
      1.0,
      1.0,
      1.0,
      0.991,
      0.9757,
      0.956186,
      0.93706228,
      0.9183210344,
      0.899954613712,
      0.88195552143776,
      0.8643164110090048,
      0.8470300827888247,
      0.8300894811330483,
      0.8134876915103872,
      0.7972179376801795,
      0.7812735789265759,
      0.7656481073480443,
      0.7503351452010835,
      0.7353284422970618,
      0.7206218734511206,
      0.7062094359820982,
      0.6920852472624562,
      0.6782435423172071,
      0.6646786714708629,
      0.6513850980414456,
      0.6383573960806167,
      0.6255902481590043,
      0.6130784431958243,
      0.6008168743319078,
      0.5888005368452697,
      0.7771603757916888,
      0.9690122630541823,
      1.1633085841379278,
      1.3593160088965495,
      1.5565212062275846,
      1.7545648443593092,
      1.9531953910515163,
      2.1522367737360613
    ],
    "energy": [
      10.0,
      10.0,
      10.0,
      10.0,
      10.0,
      10.0,
      10.0,
      10.0,
      10.0,
      10.0,
      10.0,
      10.0,
      10.0,
      10.0,
      10.0,
      10.0,
      10.0,
      10.0,
      10.0,
      10.0,
      10.0,
      10.0,
      10.0,
      10.0,
      10.0,
      9.6,
      9.2,
      8.799999999999999,
      8.399999999999999,
      7.999999999999998,
      7.599999999999998,
      7.1999999999999975,
      6.799999999999997,
      6.399999999999997,
      5.9999999999999964,
      5.599999999999996,
      5.199999999999996,
      5.199999999999996,
      5.199999999999996,
      5.199999999999996,
      5.199999999999996,
      5.199999999999996,
      5.199999999999996,
      5.199999999999996,
      5.199999999999996
    ],
    "interventions": []
  },
  "final_node_state": {
    "energy": 5.199999999999996,
    "anxiety": 0.02236773736061477,
    "calm": 2.1522367737360613,
    "phase": "interactive"
  },
  "rolling_histories": {
    "anxiety_history": [
      2.003351452010835,
      1.8532844229706182,
      1.7062187345112059,
      1.5620943598209818,
      1.4208524726245622,
      1.282435423172071,
      1.1467867147086295,
      1.0138509804144569,
      0.8835739608061677,
      0.7559024815900444,
      0.6307844319582435,
      0.5081687433190787,
      0.3880053684526971,
      0.27160375791688796,
      0.19012263054182157,
      0.1330858413792751,
      0.09316008896549258,
      0.0652120622758448,
      0.045648443593091365,
      0.031953910515163955
    ],
    "calm_history": [
      0.7503351452010835,
      0.7353284422970618,
      0.7206218734511206,
      0.7062094359820982,
      0.6920852472624562,
      0.6782435423172071,
      0.6646786714708629,
      0.6513850980414456,
      0.6383573960806167,
      0.6255902481590043,
      0.6130784431958243,
      0.6008168743319078,
      0.7888005368452697,
      0.9771603757916889,
      1.1690122630541824,
      1.3633085841379278,
      1.5593160088965494,
      1.7565212062275846,
      1.954564844359309,
      2.1531953910515162
    ],
    "energy_history": [
      9.6,
      9.2,
      8.799999999999999,
      8.399999999999999,
      7.999999999999998,
      7.599999999999998,
      7.1999999999999975,
      6.799999999999997,
      6.399999999999997,
      5.9999999999999964,
      5.599999999999996,
      5.199999999999996,
      5.199999999999996,
      5.199999999999996,
      5.199999999999996,
      5.199999999999996,
      5.199999999999996,
      5.199999999999996,
      5.199999999999996,
      5.199999999999996
    ]
  },
  "final_trend_analysis": {
    "anxiety": {
      "trend": "stable",
      "slope": -0.024977550710062368,
      "recent_avg": 0.07381206934577356,
      "volatility": 0.036074870234314216,
      "values_count": 20,
      "recent_values": [
        0.1330858413792751,
        0.09316008896549258,
        0.0652120622758448,
        0.045648443593091365,
        0.031953910515163955
      ]
    },
    "calm": {
      "trend": "increasing",
      "slope": 0.19750224492899363,
      "recent_avg": 1.7573812069345773,
      "volatility": 0.2793113136015424,
      "values_count": 20,
      "recent_values": [
        1.3633085841379278,
        1.5593160088965494,
        1.7565212062275846,
        1.954564844359309,
        2.1531953910515162
      ]
    },
    "energy": {
      "trend": "stable",
      "slope": -7.246463629373887e-16,
      "recent_avg": 5.199999999999996,
      "volatility": 0.0,
      "values_count": 20,
      "recent_values": [
        5.199999999999996,
        5.199999999999996,
        5.199999999999996,
        5.199999999999996,
        5.199999999999996
      ]
    }
  },
  "intervention_analysis": {
    "interventions_needed": [],
    "urgency_level": "low",
    "combined_risk": false,
    "anxiety_trend": {
      "trend": "stable",
      "slope": -0.024977550710062368,
      "recent_avg": 0.07381206934577356,
      "volatility": 0.036074870234314216,
      "values_count": 20,
      "recent_values": [
        0.1330858413792751,
        0.09316008896549258,
        0.0652120622758448,
        0.045648443593091365,
        0.031953910515163955
      ]
    },
    "calm_trend": {
      "trend": "increasing",
      "slope": 0.19750224492899363,
      "recent_avg": 1.7573812069345773,
      "volatility": 0.2793113136015424,
      "values_count": 20,
      "recent_values": [
        1.3633085841379278,
        1.5593160088965494,
        1.7565212062275846,
        1.954564844359309,
        2.1531953910515162
      ]
    },
    "energy_trend": {
      "trend": "stable",
      "slope": -7.246463629373887e-16,
      "recent_avg": 5.199999999999996,
      "volatility": 0.0,
      "values_count": 20,
      "recent_values": [
        5.199999999999996,
        5.199999999999996,
        5.199999999999996,
        5.199999999999996,
        5.199999999999996
      ]
    },
    "timestamp": 44
  }
}