{
  "training_history": [
    {
      "epoch": 1,
      "learning_rate": 0.001,
      "time": 0.05550646781921387,
      "train_loss": 2.398688554763794,
      "train_accuracy": 0.1111111119389534,
      "token_accuracy": 0.3888888955116272,
      "macro_f1": 0.0,
      "micro_f1": 0.0,
      "val_loss": 2.3672025203704834
    },
    {
      "epoch": 2,
      "learning_rate": 0.001,
      "time": 0.04267621040344238,
      "train_loss": 2.3682701587677,
      "train_accuracy": 0.3958333432674408,
      "token_accuracy": 0.4444444477558136,
      "macro_f1": 0.0,
      "micro_f1": 0.0,
      "val_loss": 2.3347480297088623
    }
  ],
  "best_validation": {
    "token_accuracy": 0.4444444477558136,
    "macro_f1": 0.0,
    "micro_f1": 0.0,
    "val_loss": 2.3347480297088623
  },
  "final_epoch": 2
}