{
  "final_test_accuracy": 0.53,
  "best_test_accuracy": 0.53,
  "final_train_accuracy": 0.5075,
  "best_train_accuracy": 0.5075,
  "final_train_loss": 0.7047035143925593,
  "min_train_loss": 0.693125490958874,
  "train_losses": [
    0.7020325844104474,
    0.7005088421014639,
    0.6960390989597027,
    0.6987522978049058,
    0.7012284443928645,
    0.7003209728461045,
    0.6937649295880244,
    0.693125490958874,
    0.6947107315063477,
    0.7047035143925593
  ],
  "train_accuracies": [
    0.48,
    0.4725,
    0.5075,
    0.4725,
    0.4725,
    0.5075,
    0.4925,
    0.5025,
    0.5075,
    0.5075
  ],
  "test_accuracies": [
    0.53,
    0.47,
    0.47,
    0.47,
    0.47,
    0.47,
    0.53,
    0.47,
    0.47,
    0.53
  ],
  "training_time": 27.615138053894043,
  "total_time": 27.615384101867676,
  "epochs": 10,
  "batch_size": 32,
  "learning_rate": 0.001,
  "vocab_size": 5000,
  "max_length": 256,
  "train_samples": 400,
  "test_samples": 100,
  "model_parameters": 49746,
  "config": {
    "num_nodes": 100,
    "hidden_dim": 128,
    "input_dim": 256,
    "output_dim": 2,
    "spatial_dim": 2,
    "energy_decay": 0.01,
    "activity_threshold": 0.5,
    "connection_radius": 1.0,
    "learning_rate": 0.001,
    "batch_size": 32,
    "num_epochs": 10,
    "adaptation_rate": 0.1,
    "circadian_period": 100,
    "phase_weights": {
      "active": 0.6,
      "interactive": 0.25,
      "sleep": 0.1,
      "inspired": 0.05
    },
    "backend": "pytorch",
    "device": "cpu",
    "dtype": "float32",
    "seed": 42,
    "log_interval": 100,
    "save_checkpoint": true,
    "checkpoint_dir": "checkpoints",
    "metrics_file": "metrics.json",
    "enable_continual_learning": false,
    "enable_ablation_study": false,
    "vocab_size": 5000
  }
}