{
  "final_test_accuracy": 0.46,
  "best_test_accuracy": 0.46,
  "final_train_accuracy": 0.51,
  "best_train_accuracy": 0.51,
  "final_train_loss": 0.6929601955413819,
  "min_train_loss": 0.6929581427574157,
  "train_losses": [
    0.6933640170097352,
    0.6930615615844726,
    0.692979953289032,
    0.6929767012596131,
    0.6930685472488404,
    0.6931022715568542,
    0.6929713344573974,
    0.6929900527000428,
    0.6929841566085816,
    0.6930198192596435,
    0.6929702830314636,
    0.6929969549179077,
    0.693056402206421,
    0.6929743027687073,
    0.6929868769645691,
    0.693061912059784,
    0.6930094504356384,
    0.6930275511741638,
    0.6930171632766724,
    0.6929777526855468,
    0.6929686522483826,
    0.6930020642280579,
    0.6929726409912109,
    0.6930980491638183,
    0.6929783844947814,
    0.6930917906761169,
    0.6930770659446717,
    0.6929768514633179,
    0.6929782891273498,
    0.6930342745780945,
    0.6930018162727356,
    0.6929584002494812,
    0.6929659509658813,
    0.6929960608482361,
    0.6930049324035644,
    0.6930313372611999,
    0.6930137681961059,
    0.6930199599266053,
    0.6930048298835755,
    0.6929642200469971,
    0.6930442380905152,
    0.6929667472839356,
    0.6930342245101929,
    0.6929795908927917,
    0.6930051660537719,
    0.6930123734474182,
    0.6930038905143738,
    0.6929947257041931,
    0.6929872870445252,
    0.6929893326759339,
    0.6929852628707885,
    0.6929900550842285,
    0.6929818987846375,
    0.693008303642273,
    0.6931174635887146,
    0.6930573153495788,
    0.6930073928833008,
    0.6929997086524964,
    0.6930165147781372,
    0.6930577731132508,
    0.6929703760147095,
    0.6929923343658447,
    0.6929599571228028,
    0.6929695510864258,
    0.692985725402832,
    0.6929583120346069,
    0.6929684281349182,
    0.6929788136482239,
    0.692986068725586,
    0.6930126214027404,
    0.6929719376564026,
    0.693085434436798,
    0.693022985458374,
    0.6932075428962707,
    0.6929977250099182,
    0.6930968832969665,
    0.6930406594276428,
    0.6930026602745056,
    0.6930276870727539,
    0.6929854440689087,
    0.6930017161369324,
    0.6929581427574157,
    0.6930013751983642,
    0.6929663681983947,
    0.6930358624458313,
    0.6930725622177124,
    0.6930190300941468,
    0.6929699206352233,
    0.693096375465393,
    0.6929741644859314,
    0.693162407875061,
    0.6931093764305115,
    0.6929785799980164,
    0.6930005145072937,
    0.693109667301178,
    0.6930901145935059,
    0.6929836821556091,
    0.6930837821960449,
    0.6930013227462769,
    0.6929601955413819
  ],
  "train_accuracies": [
    0.51,
    0.51,
    0.51,
    0.51,
    0.51,
    0.51,
    0.51,
    0.51,
    0.51,
    0.51,
    0.51,
    0.51,
    0.51,
    0.51,
    0.51,
    0.51,
    0.51,
    0.51,
    0.51,
    0.51,
    0.51,
    0.51,
    0.51,
    0.51,
    0.51,
    0.51,
    0.51,
    0.51,
    0.51,
    0.51,
    0.51,
    0.51,
    0.51,
    0.51,
    0.51,
    0.51,
    0.51,
    0.51,
    0.51,
    0.51,
    0.51,
    0.51,
    0.51,
    0.51,
    0.51,
    0.51,
    0.51,
    0.51,
    0.51,
    0.51,
    0.51,
    0.51,
    0.51,
    0.51,
    0.51,
    0.51,
    0.51,
    0.51,
    0.51,
    0.51,
    0.51,
    0.51,
    0.51,
    0.51,
    0.51,
    0.51,
    0.51,
    0.51,
    0.51,
    0.51,
    0.51,
    0.51,
    0.51,
    0.51,
    0.51,
    0.51,
    0.51,
    0.51,
    0.51,
    0.51,
    0.51,
    0.51,
    0.51,
    0.51,
    0.51,
    0.51,
    0.51,
    0.51,
    0.51,
    0.51,
    0.51,
    0.51,
    0.51,
    0.51,
    0.51,
    0.51,
    0.51,
    0.51,
    0.51,
    0.51
  ],
  "test_accuracies": [
    0.46,
    0.46,
    0.46,
    0.46,
    0.46,
    0.46,
    0.46,
    0.46,
    0.46,
    0.46,
    0.46,
    0.46,
    0.46,
    0.46,
    0.46,
    0.46,
    0.46,
    0.46,
    0.46,
    0.46,
    0.46,
    0.46,
    0.46,
    0.46,
    0.46,
    0.46,
    0.46,
    0.46,
    0.46,
    0.46,
    0.46,
    0.46,
    0.46,
    0.46,
    0.46,
    0.46,
    0.46,
    0.46,
    0.46,
    0.46,
    0.46,
    0.46,
    0.46,
    0.46,
    0.46,
    0.46,
    0.46,
    0.46,
    0.46,
    0.46,
    0.46,
    0.46,
    0.46,
    0.46,
    0.46,
    0.46,
    0.46,
    0.46,
    0.46,
    0.46,
    0.46,
    0.46,
    0.46,
    0.46,
    0.46,
    0.46,
    0.46,
    0.46,
    0.46,
    0.46,
    0.46,
    0.46,
    0.46,
    0.46,
    0.46,
    0.46,
    0.46,
    0.46,
    0.46,
    0.46,
    0.46,
    0.46,
    0.46,
    0.46,
    0.46,
    0.46,
    0.46,
    0.46,
    0.46,
    0.46,
    0.46,
    0.46,
    0.46,
    0.46,
    0.46,
    0.46,
    0.46,
    0.46,
    0.46,
    0.46
  ],
  "training_time": 293.9214069843292,
  "total_time": 293.9229052066803,
  "epochs": 100,
  "batch_size": 16,
  "learning_rate": 0.001,
  "vocab_size": 5000,
  "max_length": 256,
  "train_samples": 400,
  "test_samples": 100,
  "model_parameters": 49746,
  "config": {
    "num_nodes": 100,
    "hidden_dim": 128,
    "input_dim": 256,
    "output_dim": 2,
    "spatial_dim": 2,
    "energy_decay": 0.01,
    "activity_threshold": 0.5,
    "connection_radius": 1.0,
    "learning_rate": 0.001,
    "batch_size": 16,
    "num_epochs": 100,
    "adaptation_rate": 0.1,
    "circadian_period": 100,
    "phase_weights": {
      "active": 0.6,
      "interactive": 0.25,
      "sleep": 0.1,
      "inspired": 0.05
    },
    "backend": "pytorch",
    "device": "cpu",
    "dtype": "float32",
    "seed": 42,
    "log_interval": 100,
    "save_checkpoint": true,
    "checkpoint_dir": "checkpoints",
    "metrics_file": "metrics.json",
    "enable_continual_learning": false,
    "enable_ablation_study": false,
    "vocab_size": 5000
  }
}